{"count":1,"self":113.7124992,"total":113.8642867,"children":{"AgentResetIfDone":{"count":491,"self":0.0180014,"total":0.0180014,"children":null},"AgentSendState":{"count":491,"self":0.026915599999999998,"total":0.038910799999999995,"children":{"CollectObservations":{"count":3978,"self":0.0119952,"total":0.0119952,"children":null}}},"DecideAction":{"count":491,"self":0.088751299999999991,"total":0.088751299999999991,"children":null},"AcademyStep":{"count":491,"self":0.0010002,"total":0.0010002,"children":null},"AgentAct":{"count":491,"self":0.004123,"total":0.004123,"children":null}}}